Tên,Nguyên liệu,Cách chế biến,Calories,Mô tả,Hình 1,Hình 2,Hình 3,Hình 4,Hình 5,Video 1,Video 2,Thành phần dinh dưỡng,Type,,,,
Banh canh,"500g giò heo (có thể chọn phần móng, ống tùy thích)
200g xương ống heo (để nước ngọt hơn)
1kg bánh canh bột gạo (loại sợi to mềm, mua sẵn hoặc tự làm)
Hành tím, hành lá, ngò rí
Gia vị: nước mắm, muối, hạt nêm, tiêu, đường, bột ngọt
1 muỗng canh dầu điều (cho nước có màu đẹp – không bắt buộc)","Bước 1: Sơ chế
Giò heo cắt khúc vừa ăn, chặt xong thì trụng nước sôi với muối và gừng để khử mùi.
Xương ống cũng trụng tương tự, rửa sạch.

Bước 2: Ninh nước dùng
Cho giò heo và xương ống vào nồi, đổ nước ngập, ninh khoảng 45 phút đến 1 tiếng cho mềm.
Trong lúc ninh nhớ hớt bọt để nước trong.

Bước 3: Nêm nếm
Khi giò đã mềm, nêm: 1 muỗng canh nước mắm, 1 muỗng cà phê muối, 1 muỗng hạt nêm, chút đường và bột ngọt.
Thêm dầu điều nếu thích nước có màu cam nhẹ đẹp mắt.

Bước 4: Chuẩn bị bánh canh
Bánh canh mua sẵn thường có lớp bột, rửa sơ qua nước, luộc nhanh 2-3 phút rồi vớt ra xả nước lạnh cho khỏi dính.

Bước 5: Hoàn tất
Khi ăn, trụng bánh canh qua nước sôi lần nữa, cho vào tô, chan nước lèo, thêm giò heo, rắc hành lá, ngò, tiêu và hành phi lên.

",379 kcal/ 1 tô,"Bánh canh là món ăn gắn liền với văn hóa ẩm thực miền Trung, mang đến một trải nghiệm vị giác đặc sắc với hương vị thanh nhẹ nhưng đầy đặn. Được xem là món ăn quen thuộc trong các bữa cơm của người dân vùng đất này, bánh canh thể hiện sự đơn giản nhưng vẫn toát lên sự tinh tế trong từng muỗng nước lèo.

Điểm đặc biệt của bánh canh chính là nước lèo, được chế biến từ xương heo, gà hoặc cá, kết hợp với các gia vị như hành, tiêu, mắm nêm. Nước lèo trong vắt, thanh mát nhưng đậm đà, mang đến cảm giác ấm áp, ngọt ngào đầy dễ chịu.

Tô bánh canh được hoàn thiện với các nguyên liệu như giò heo, tôm, cá hoặc chả cua, cùng những sợi bánh canh mềm mại, thấm đẫm nước lèo. Mỗi sợi bánh canh mang lại sự kết hợp tuyệt vời giữa vị ngọt tự nhiên, mặn mà và hương thơm nhẹ nhàng.
",bc1.jpg,bc2.jpg,bc3.jpg,bc4.jpeg,bc5.jpg,nấu bc.mp4,nấu bc.mp4,"- Chất béo: 12g
- Đường: 45g
- Đạm: 18g
- Chất xơ: 2g
",Món nước,,,,
Banh gio,"Phần vỏ bánh:
200g bột gạo
50g bột năng
1 lít nước hầm xương (hoặc nước lọc + 1 viên súp)
2 muỗng canh dầu ăn
½ muỗng cà phê muối

Phần nhân:
300g thịt heo xay
50g mộc nhĩ (nấm mèo) ngâm nở, băm nhỏ
1 củ hành tây hoặc vài củ hành tím băm nhỏ
Gia vị: nước mắm, tiêu, hạt nêm, đường

Khác:
Lá chuối (trụng nước sôi cho mềm)
Dây lạt hoặc dây buộc (nếu gói nhiều bánh)

","Bước 1: Làm nhân bánh
Phi hành với chút dầu cho thơm.
Cho thịt vào xào chín, nêm: 1 muỗng nước mắm, chút hạt nêm, tiêu, đường.
Cho mộc nhĩ vào đảo đều đến khi nhân khô ráo. Tắt bếp, để nguội.

Bước 2: Pha và nấu bột
Trộn bột gạo, bột năng, nước hầm xương, muối, dầu ăn.
Khuấy đều, lọc qua rây cho mịn.
Bắc lên bếp, khuấy lửa nhỏ liên tục đến khi bột sánh mịn, không còn nước, đặc như kem rồi tắt bếp (nhớ khuấy đều tay kẻo cháy đáy nồi).

Bước 3: Gói bánh
Trải lá chuối, múc 1 muỗng bột vào giữa, dàn mỏng.
Cho 1 muỗng nhân lên, rồi múc thêm ít bột phủ lên nhân.
Gói lại thành hình chóp nón, gập mép chắc tay. Dùng dây buộc lại nếu cần.

Bước 4: Hấp bánh
Đun nước sôi, cho bánh vào xửng hấp khoảng 25–30 phút là chín.",280 kcal/ 1 cái,"Bánh giò là một món ăn dân dã, gắn liền với văn hóa ẩm thực miền Bắc. Được làm từ bột gạo mịn, bánh giò có lớp vỏ mềm mượt, bên trong là nhân thịt heo, mộc nhĩ, nấm hương, cùng các gia vị đặc trưng, mang đến một hương vị đậm đà và dễ chịu. Đây là món ăn không chỉ ngon mà còn rất dễ ăn, phù hợp cho mọi lứa tuổi và được yêu thích bởi sự dẻo thơm của bột gạo và hương vị béo ngậy của nhân thịt.

Bánh giò thường được gói trong lá chuối xanh, tạo nên một lớp vỏ bên ngoài vừa giúp bảo vệ bánh, vừa thêm phần thơm ngon tự nhiên. Khi cắt ra, nhân bánh có sự kết hợp hoàn hảo giữa thịt heo xay, mộc nhĩ, nấm hương và một chút hành phi, mang lại cảm giác béo ngậy, thơm lừng. Tất cả hòa quyện lại trong lớp bột gạo mềm mại, tạo nên một món ăn không thể thiếu trong các bữa sáng hay bữa xế của người dân miền Bắc.",bg1.jpg,bg2.jpg,bg3.jpg,bg4.jpg,bg5.png,nấu bc.mp4,Bánh giò cấp tốc nhanh gọn ngon như bánh truyền thống..mp4,"- Chất béo: 10g
- Đường: 40g
- Đạm: 8g
- Chất xơ: 2g
",Món khô,,,,
Banh mi,"Phần bánh mì:
Bánh mì Việt Nam (bánh mì ổ)

Phần nhân thịt:
Chả lụa (giò lụa)
Chả quế, thịt nguội, jambon, hoặc thịt ba rọi (tùy sở thích)
Pate gan (có thể mua sẵn hoặc tự làm)
Bơ thực vật hoặc mayonnaise (tùy thích)

Rau ăn kèm:
Dưa leo (xắt lát mỏng)
Dưa chua (cà rốt + củ cải trắng muối chua)
Rau ngò (rau mùi)
Ớt tươi xắt lát (nếu ăn cay được)

Nước sốt (nếu muốn đậm đà):
Nước tương + đường + tỏi + ớt + chút nước (đun sôi hỗn hợp này để chan vào bánh mì)","Bước 1: Chuẩn bị nguyên liệu
Chả, thịt nguội: xắt lát mỏng vừa ăn
Dưa leo: xắt lát dài
Dưa chua: trộn đều và vắt nhẹ bớt nước
Rau ngò: rửa sạch để ráo
Ớt: xắt lát nếu dùng
Làm nước sốt (nếu dùng): đun nước tương, đường, tỏi, ớt cho tan đều rồi để nguội

Bước 2: Nướng bánh mì
Nướng sơ ổ bánh mì bằng lò hoặc chảo cho vỏ giòn

Bước 3: Phết nhân và xếp rau
Cắt dọc ổ bánh mì (không đứt hẳn)
Phết một lớp pate + bơ (hoặc mayonnaise) bên trong
Xếp chả lụa, jambon, thịt nguội, dưa leo, dưa chua, rau ngò, ớt
Chan một chút nước sốt (nếu có) cho đậm đà",461 kcal/ 1 ổ ,"Bánh mì không chỉ là món ăn nhanh tiện lợi, mà là một biểu tượng văn hóa ẩm thực Việt Nam, thể hiện sự kết hợp độc đáo giữa hương vị đậm đà, sự sáng tạo và cái đẹp giản dị của những người dân thủ đô và miền Nam. Với lớp vỏ bánh giòn rụm, vàng ươm, bánh mì mang đến sự thoả mãn ngay từ miếng đầu tiên khi cắn vào. Vỏ bánh, mềm mại nhưng không kém phần giòn, luôn là sự hấp dẫn khó cưỡng.

Nhưng điều làm nên nét riêng biệt của món ăn này chính là nhân bánh. Bên trong lớp vỏ giòn là sự kết hợp hoàn hảo giữa những nguyên liệu tươi ngon và đậm đà: từ thịt heo nướng, chả lụa, đến pate béo ngậy, mỗi miếng nhân đều mang đến một trải nghiệm vị giác đặc biệt. Đặc biệt, không thể thiếu trong mỗi ổ bánh mì là những rau sống tươi, từ dưa leo, ngò, đến cà rốt thái sợi, mang đến sự tươi mát, làm giảm độ ngấy của nhân bánh và tạo sự cân bằng hoàn hảo. Thêm vào đó, chút ớt tươi và hành phi thơm lừng làm cho món ăn trở nên đặc biệt và không thể cưỡng lại.",bm1.jpg,bm2.png,bm3.jpg,bm4.jpg,bm5.jpg,nấu bc.mp4,"The Best Vietnamese Sandwich - Banh Mi - Easy version, super tasty and cheap.mp4","- Chất béo: 15g
- Đường: 55g
- Đạm: 20g
- Chất xơ: 3g
",Món khô,,,,
Banh pia,"Phần nhân:
300g đậu xanh cà vỏ
150g đường
100g sầu riêng chín (có thể tăng/giảm tùy khẩu vị)
50g dầu ăn
5–6 trứng muối (hấp chín, cắt đôi)

Phần vỏ bánh:
Vỏ bánh pía gồm vỏ nước + vỏ dầu:

Vỏ nước:
200g bột mì đa dụng
40g đường
60ml nước
40g dầu ăn

Vỏ dầu:
100g bột mì
50g dầu ăn

","Bước 1: Làm nhân
Ngâm đậu xanh 2–3 giờ, hấp chín, xay nhuyễn.
Cho đậu xanh, đường, dầu, sầu riêng vào chảo, sên lửa nhỏ đến khi sệt lại, không dính chảo là được.
Để nguội rồi vo viên, có thể nhét nửa quả trứng muối vào giữa nhân.

Bước 2: Làm vỏ
- Làm riêng hai phần vỏ:
Vỏ nước: Trộn đều tất cả nguyên liệu, nhồi đến khi mịn, bọc kín để nghỉ 20 phút.
Vỏ dầu: Trộn bột và dầu đến khi mịn, để nghỉ 20 phút.
Chia mỗi phần bột thành các viên nhỏ theo tỷ lệ 2:1 (vỏ nước to gấp đôi vỏ dầu).

Bước 3: Cán và cuộn bột
Cán viên vỏ nước mỏng ra, đặt viên vỏ dầu vào giữa, bọc kín lại.
Cán dài nhẹ tay, rồi cuộn tròn lại như cuộn nem.
Lặp lại 2 lần để tạo lớp vỏ nhiều tầng.
Cán dẹt miếng bột, đặt nhân vào giữa, bọc lại vo tròn.

Bước 4: Tạo hình và nướng:
Đặt bánh lên khay có lót giấy nến.
Quét lòng đỏ trứng lên mặt bánh cho bóng đẹp.
Nướng ở 180°C trong 20–25 phút (lò đã làm nóng trước).
Lấy bánh ra, để nguội, ăn sau 1–2 tiếng là ngon nhất vì bánh sẽ mềm lại.

",500 kcal/ 1 cái,"Bánh pía là món bánh truyền thống nổi tiếng của miền Tây Nam Bộ, đặc biệt được yêu thích ở Sóc Trăng. Món bánh này không chỉ hấp dẫn với lớp vỏ mềm mịn, nhẹ nhàng tan trong miệng mà còn bởi nhân bánh phong phú, chứa đựng sự kết hợp tuyệt vời giữa sầu riêng, mít, đậu xanhbéo ngậy, và đôi khi là thịt mỡ để tăng thêm độ béo ngậy, tạo nên hương vị ngọt ngào, thơm lừng.

Lớp vỏ bánh mỏng, mềm mại nhưng vẫn có độ giòn nhẹ ở lớp ngoài, khiến mỗi miếng bánh trở thành một trải nghiệm tuyệt vời cho người thưởng thức. Bánh pía thường được gói trong lá chuối tươi, không chỉ giúp bảo quản bánh lâu mà còn giữ được hương thơm tự nhiên, làm tăng thêm sự hấp dẫn của món ăn. Mỗi chiếc bánh là sự hòa quyện của hương vị thơm ngọt và béo ngậy, khiến người ăn một lần là khó lòng quên.

Không chỉ là món ăn vặt ngon miệng, bánh pía còn là món quà biếu phổ biến của người miền Tây, thể hiện sự hiếu khách và tình cảm gắn kết của họ đối với bạn bè và người thân. Món bánh này không chỉ mang trong mình hương vị đặc sắc mà còn chứa đựng những giá trị văn hóa, tinh thần của miền đất Tây Nam Bộ, góp phần làm phong phú thêm bức tranh ẩm thực Việt Nam.",bp1.jpg,bp2.jpg,bp3.jpg,bp4.jpg,bp5.jpg,nấu bc.mp4,"Bánh Pía Đậu Xanh Sầu Riêng - KHÔNG NHỒI BỘT - KHÔNG LÒ NƯỚNG - Thật đơn giản, rất rất Ngon _ BND _.mp4","- Chất béo: 20g
- Đường: 75g
- Đạm: 10g
- Chất xơ: 4g
",Món khô,,,,
Banh tet," Nếp 1 ký
 Đậu xanh 300 gr
 Thịt ba chỉ 500 gr
 Lá dứa 100 gr
 Hành tím 3 củ
 Gia vị thông dụng 1 ít
(muối/ đường/ tiêu)


","Bước 1: Ngâm gạo nếp
Xay 100gr lá dứa với 1 lít nước. Sau khi vo gạo nếp thật sạch, cho vào ngâm trong thau nước lá dứa cùng 1 muỗng canh muối. 4 tiếng sau, bạn cho ra rổ để gạo ráo.

Bước 2: Chuẩn bị đậu xanh
Rửa sạch đậu rồi luộc cho tới khi chín mềm sau đó dầm nhuyễn với 1 ít đường

Bước 3: Chuẩn bị thịt ba rọi
Bóp thịt với ít muối và nước cốt chanh cho thịt không bị hôi và rửa lại cho sạch. Tiếp đến cắt thịt thành các miếng dày 1 lóng tay.
Ướp thịt với các gia vị. Để yên 20 phút để thịt được thấm.

Bước 4:Gói bánh
Dùng khăn lau lá chuối thật sạch, cắt lá chuối thành các miếng có độ dài 30cm (khoảng 2 gang tay).
Trải 2 tấm lá chuối có mặt lá đậm xuống mặt bàn và 1 tấm lá chuối có mặt lá đậm hướng lên trên.
Xúc nếp vào, dàn thật đều sao cho nếp cách mép lá 1/2 lóng tay, xếp đậu xanh - thịt ba chỉ vào giữa. Xúc thêm nếp và rải lên trên phần đậu.
Dùng tay gói 2 đầu mép lá lại, miết cho thật chặt để nếp và nhân dính chắc vào nhau. Nhẹ nhàng bẻ gập phần góc chiếc bánh rồi dựng đứng lên, dùng thun buộc tạm vào thân bánh.
Gấp 2 đầu bánh lại và buộc lại bằng lá chuối, dùng kéo cắt nếu 2 đầu có phần lá dư. Cuối cùng, bạn lấy dây dù buộc các đường ngang và dọc quanh bánh, dùng kéo cắt bỏ dây thun.

Bước 5: Luộc bánh
Xếp bánh vào nồi, phủ bên dưới và bên trên bằng 2 - 3 lá chuối rồi luộc bánh ở lửa nhỏ trong 4 tiếng.
Vớt bánh ra nhúng bánh vào nước lạnh 3 - 5 phút rồi để thật nguội.

",407 kcal/ 1 cái,"Bánh tét là một món ăn không thể thiếu trong dịp Tết Nguyên Đán của người miền Nam, mang trong mình nhiều ý nghĩa văn hóa sâu sắc. Với hình dáng dài và hình thức gói bánh tỉ mỉ, bánh tét trở thành biểu tượng của sự sum vầy và ấm cúng trong ngày Tết. Món bánh này được làm từ gạo nếp, đậu xanh, thịt heo hoặc trứng vịt, kết hợp cùng nhau tạo ra một hương vị đặc biệt, vừa dẻo thơm, vừa béo ngậy.

Bánh tét có lớp vỏ nếp mềm mịn, bao quanh là nhân đậu xanh bùi bùi, thịt heo béo ngậy hoặc trứng vịt bùi bùi. Quá trình làm bánh không hề đơn giản, từ việc ngâm gạo, chuẩn bị nhân, cho đến công đoạn gói bánh trong lá chuối tươi và luộc bánh trong nhiều giờ. Sự tỉ mỉ trong từng công đoạn khiến cho mỗi chiếc bánh tét không chỉ ngon mà còn mang đậm hương vị Tết.

Vào dịp Tết, bánh tét không chỉ là món ăn mà còn là món quà thể hiện tình cảm và sự đoàn viên trong gia đình. Vị dẻo thơm của bánh, hòa quyện với vị ngọt bùi của nhân, làm cho bánh tét trở thành món ăn quen thuộc mà bất kỳ ai trong dịp Tết cũng mong đợi.",bt1.png,bt2.jpg,bt3.jpg,bt4.png,bt5.jpg,nấu bc.mp4,Cách gói và nấu BÁNH TÉT ngon rất dễ không khó như bạn nghĩ _ Best Vietnamese Cake Ever.mp4,"- Chất béo: 12.5g
- Đường: 52.3g
- Đạm: 8.4g
- Chất xơ: 2.2g
",Món khô,,,,
Banh trang nuong,"1 cái bánh tráng (loại mỏng, thường là bánh tráng gạo dẻo loại dùng để cuốn)
1 quả trứng gà (hoặc trứng cút nếu muốn nhỏ hơn)
Hành lá cắt nhỏ
Bơ lạt
Tép khô (hoặc ruốc, khô bò, khô gà, tùy khẩu vị)
Phô mai (con bò cười, mozzarella… tùy thích)
Xúc xích hoặc chà bông
Hành phi
Tương ớt + Mayonnaise
","Bước 1: Chuẩn bị chảo
Dùng chảo chống dính, không cho dầu.
Đặt bánh tráng lên chảo khi chảo đã nóng vừa.

Bước 2: Thêm trứng
Thêm bơ lạt, đập trứng gà lên mặt bánh tráng, dùng muỗng hoặc cọ để dàn đều.

Bước 3: Cho topping
Rắc hành lá, tép khô, xúc xích cắt lát, hành phi, phô mai… tùy ý lên mặt bánh tráng khi trứng còn ướt.
Có thể thêm ít muối tiêu, hoặc bột nêm nếu thích đậm đà.

Bước 4: Nướng
Vặn lửa nhỏ, đậy nắp chảo khoảng 1-2 phút cho bánh chín giòn, không bị khét.
Khi mép bánh bắt đầu cong lên và trứng chín, dùng muỗng hoặc đũa gập đôi bánh lại hoặc để nguyên.

Bước 5: Thêm sốt
Rưới tương ớt và mayonnaise lên mặt bánh.


",220 kcal/ 1 cái,"Bánh tráng nướng là món ăn vặt đặc trưng của miền Nam, được yêu thích không chỉ bởi hương vị độc đáo mà còn bởi sự giản dị trong cách chế biến. Món bánh này được làm từ bánh tráng mỏng, nướng trên lửa than cho đến khi giòn rụm và có màu vàng ruộm. Bánh tráng sẽ được phủ một lớp mỡ hành, hành phi, rồi tiếp tục thêm các nguyên liệu như trứng, chả lụa, tôm khô, xúc xích, và đôi khi là phô mai để tăng thêm độ béo ngậy.

Khi thưởng thức, bánh tráng nướng mang đến một trải nghiệm thú vị với lớp vỏ giòn tan, hòa quyện cùng hương vị đậm đà từ các nguyên liệu béo ngậy, ngọt mặn và chút cay cay từ gia vị. Món ăn này dễ dàng biến tấu theo sở thích cá nhân, từ việc điều chỉnh độ cay đến việc thêm hoặc bớt các nguyên liệu, giúp người ăn có thể tự do sáng tạo với hương vị riêng.

Không chỉ là món ăn vặt đường phố dễ dàng tìm thấy ở các quán vỉa hè, bánh tráng nướng còn là lựa chọn lý tưởng cho những buổi tụ tập bạn bè hay tiệc nhỏ. Đơn giản, ngon miệng và đầy đủ hương vị đặc trưng, món bánh này đã trở thành một phần không thể thiếu trong đời sống ẩm thực của người miền Nam.",btn1.jpeg,btn2.jpg,btn3.jpg,btn4.jpg,btn5.jpg,nấu bc.mp4,Cách Làm Bánh Tráng Nướng Bằng Chảo Giòn Ngon Hấp Dẫn _ Ăn Gì Đây.mp4,"- Chất béo: 12g
- Đường: 6g
- Đạm: 9g
- Chất xơ: 2g
",Ăn vặt,,,,
Banh xeo," Bột bánh xèo cốt dừa 500 gr
 Thịt heo xay 500 gr
 Tôm 500 gr
 Trứng gà 2 quả
 Nấm hương 50 gr
 Cà rốt 1 củ
 Giá 200 gr
 Hành tây 1 củ
 Hành lá 50 gr
 Hành tím 4 củ
 Ớt 2 quả
 Tỏi 1 củ
 Chanh 2 quả
 Bột nghệ 1/3 muỗng cà phê
 Bia 100 ml
 Giấm 2 muỗng cà phê
 Dầu ăn 1 ít
 Nước mắm 4 muỗng canh
 Gia vị thông dụng 1 ít
(muối/đường/tiêu/hạt nêm/bột ngọt)


","Bước 1: Trộn bột bánh xèo
Cho vào tô 500gr bột bánh xèo cốt dừa, 100ml bia, 1 muỗng cà phê muối, 1/3 muỗng cà phê bột nghệ, 1/2 muỗng cà phê bột ngọt, 2 quả trứng gà, 50gr hành lá cắt nhỏ, 450ml nước lọc.

Bước 2: Chuẩn bị nhân bánh xèo
Rửa sạch tôm, lột vỏ và bỏ chỉ đen.
Lột vỏ hành tây rồi thái sợi. 
Đem nấm hương đi ngâm mềm, rửa lại với nước sạch rồi cắt nhỏ.
Bắc chảo lên bếp, cho vào chảo 1 ít dầu ăn rồi cho hành tím băm vào phi thơm.
Khi hành thơm, bạn cho tôm, thịt vào chảo xào đều nhân với lửa vừa đến khi chín hoàn toàn. Cho vào chảo hành tây, cà rốt, nấm hương và tiếp tục xào đến khi rau củ chín.

Bước 3: Đổ bánh xèo
Bắc chảo mới lên bếp, cho vào 1 ít dầu ăn. Khi dầu nóng, bạn cho vào 1 ít bột bánh rồi tráng thật đều.
Cho nhân lên trên, dàn đều phần nhân và cho 1 ít giá lên mặt bánh rồi gấp đôi bánh lại. Chiên bánh với lửa nhỏ đến khi 2 mặt vàng giòn.

Bước 4: Làm nước chấm bánh xèo
Cho vào tô 3 muỗng canh nước mắm, 6 muỗng canh nước lọc, 1/4 muỗng cà phê bột ngọt, 5 muỗng cà phê đường, nước cốt của 2 quả chanh, 2 muỗng cà phê giấm, 1 ít tiêu, cà rốt cắt khoanh, 1 ít tỏi, ớt băm.


",517 kcal/ 1 cái,"Bánh xèo không chỉ là món ăn, mà là một trải nghiệm thú vị đầy sắc màu của ẩm thực miền Nam. Với lớp vỏ bánh giòn rụm, vàng óng được chiên từ bột gạo, nước cốt dừa và gia vị, mỗi chiếc bánh đều phát ra âm thanh xèo xèo hấp dẫn khi được đổ vào chảo nóng. 

Nhân bánh là sự kết hợp của tôm, thịt heo, mầm giá, và nấm, đem đến một hương vị phong phú và đầy đủ dinh dưỡng. Khi thưởng thức, người ta sẽ cuốn bánh vào những loại rau sống như rau diếp cá, húng quế, xà lách, rồi chấm với nước mắm pha chua ngọt – một sự kết hợp vừa tươi mát, vừa đậm đà, làm hài lòng mọi thực khách.

Là món ăn vặt đường phố quen thuộc, bánh xèo còn là lựa chọn lý tưởng cho các bữa tiệc nhỏ, những buổi tụ tập cùng bạn bè, mang đến cảm giác gần gũi và thoải mái. Hương vị đơn giản nhưng đầy đủ này đã khẳng định vị trí của bánh xèo trong nền ẩm thực miền Nam.",bx1.jpg,bx2.jpg,bx3.jpg,bx4.jpg,bx5.png,nấu bc.mp4,Cách Làm Bánh Xèo Cực Dễ _ HÀ COOKING.mp4,"- Chất béo: 16.7g
- Đường: 41.6g
- Đạm: 8.4g
- Chất xơ: 2.3g
",Món khô,,,,
Bun bo Hue,"Phần nước dùng:
1kg xương ống bò
500g bò bắp hoặc nạm
1 cái giò heo (cắt khoanh)
2 cây sả đập dập
1 củ gừng nướng đập dập
1 củ hành tím nướng
1 trái thơm (dứa) (1/2 trái cắt khúc cho ngọt nước)
2 muỗng mắm ruốc Huế (pha với nước, lọc lấy nước)
Muối, nước mắm, đường phèn, bột ngọt

Phần bún và topping:
1kg bún sợi to (bún Huế)
Chả lụa Huế hoặc chả cua, huyết luộc
Rau sống: giá, rau quế, bắp chuối bào
Ớt sate (quan trọng nha)

","Bước 1: Sơ chế nguyên liệu
Xương, giò heo, bò trụng nước sôi có gừng, rửa sạch cho hết hôi.
Nướng hành, gừng rồi đập dập.

Bước 2: Ninh nước dùng
Cho xương, giò, bò vào nồi lớn.
Thêm 4–5 lít nước, bỏ sả, hành nướng, thơm, gừng vào ninh khoảng 2–3 tiếng.
Khi thịt mềm, vớt ra cắt lát, giò để nguyên khoanh.

Bước 3: Nêm nếm
Pha 2 muỗng mắm ruốc Huế với 200ml nước, lọc lấy phần nước, cho vào nồi nước lèo.
Nêm muối, đường phèn, nước mắm, nêm vừa miệng.
Làm 1 chảo sate ớt (phi dầu + sả băm + ớt bột + màu điều), cho vào nước dùng cho đúng vị bún bò Huế cay nồng

Bước 4: Trụng bún và dọn ăn
Trụng bún với nước sôi.
Xếp bún, thịt bò, giò heo, chả, huyết vào tô.
Chan nước lèo nóng hổi lên.
Ăn kèm rau sống và chanh, sate thêm tùy khẩu vị.",622 kcal/1 tô,"Khi nhắc đến bún bò Huế, người ta không chỉ nghĩ đến một món ăn, mà là một hành trình trải nghiệm vị giác mang đậm hương sắc của vùng đất Huế cổ kính. Xuất phát từ mảnh đất kinh đô xưa, bún bò Huế không chỉ là món ăn quen thuộc mà còn là biểu tượng của sự tinh tế trong cách chế biến và bản sắc văn hóa đặc trưng.

Nổi bật nhất trong bún bò Huế là nước dùng – một hỗn hợp tinh túy từ xương bò, giò heo, sả và mắm ruốc, hầm trong nhiều giờ để đạt độ đậm đà hoàn hảo. Mỗi muỗng nước lèo đỏ au, cay nồng này mang đến cảm giác sâu lắng và ấm áp, đặc biệt là sự kết hợp của mắm ruốc Huế – linh hồn tạo nên một hương vị khó quên.

Được điểm tô bởi những lát bò bắp mềm mại, chả Huế thơm nức và giò heo béo ngậy, tô bún này không chỉ hấp dẫn về màu sắc, mà còn khiến thực khách say mê bởi sự hòa quyện hoàn hảo giữa các nguyên liệu. Sợi bún to, dai và dễ dàng thấm trọn hương vị của nước lèo, tạo nên một trải nghiệm đầy đủ và trọn vẹn.
",bbh1.jpg,bbh2.jpg,bbh3.jpg,bbh4.jpg,bbh5.jpg,nấu bc.mp4,Cách nấu Bún Bò Huế thơm ngon - Cách nấu nhanh và  cực kỳ đơn giản tại nhà.mp4,"- Chất béo: 15g
- Đường: 50g
- Đạm: 25g
- Chất xơ: 3g
",Món nước,,,,
Bun dau mam tom,"500g bún lá
3-5 bìa đậu phụ
300g thịt chân giò rút xương
300g thịt ba chỉ
300g chả cốm
50g mắm tôm
3 quả ớt
1 củ tỏi
2 quả quất
1 thìa canh rượu trắng
Gia vị: đường, bột ngọt, dầu ăn..
Rau ăn kèm: tía tô, kinh giới, rau mùi, xà lách, dưa chuột,…","Bước 1: Luộc thịt
Thịt ba chỉ và thịt chân giò đem rửa sạch, trụng sơ qua nước sôi để loại bỏ tạp chất, cặn bẩn. Sau đó, rửa lại thịt với nước sạch rồi để ráo.
Đối với thịt chân giò, bạn dùng dây dù hoặc lạt buộc thịt lại thành khối hình tròn. Luộc thịt cùng với một chút muối khoảng 25-30 phút cho thịt chín rồi vớt ra, cho ngay vào nước đá lạnh để thịt cứng và giòn.

Bước 2: Sơ chế các loại rau ăn kèm
Các loại rau nhặt lá sâu, úa, bỏ gốc, rửa thật sạch, sau đó ngâm với nước muối pha loãng trong 30 phút rồi mang ra rửa lại, vẩy cho ráo nước.
Dưa chuột rửa sạch, ngâm nước muối pha loãng rồi gọt vỏ, cắt thành từng lát mỏng.

Bước 3: Chiên chả cốm
Trước hết bạn bắc chảo lên bếp, cho dầu ăn hoặc mỡ vào đun nóng rồi cho lần lượt từng miếng chả cốm vào. Chiên với lửa vừa đến khi chả chín giòn, vàng đều các mặt rồi lấy ra đĩa có lót sẵn giấy thấm dầu. 

Bước 4: Chiên đậu phụ
Đậu phụ rửa qua nước lạnh, để ráo rồi cắt thành từng miếng vuông vừa ăn. Tiếp theo, cho đậu vào chảo dầu nóng, chiên vàng đều các mặt.

Bước 5: Pha mắm tôm
Nguyên liệu pha mắm tôm cần có: 3 thìa mắm tôm ngon, 1 thìa đường, 1 quả quất, 1 quả ớt tươi, 1 thìa canh dầu, 1 củ hành khô, nửa thìa rượu trắng.
Công thức pha: Cho lần lượt mắm tôm vào bát nhỏ rồi cho nước cốt quất, rượu trắng, 1 thìa canh dầu rán đậu, đường như định lượng đã chuẩn bị trước đó vào rồi dùng đũa khuấy đều lên.
",700 kcal/ 1 phần,"Bún đậu mắm tôm là món ăn quen thuộc của miền Bắc, nổi bật với sự kết hợp đơn giản nhưng đầy đủ hương vị. Khi nhắc đến món này, người ta nghĩ ngay đến bún tươi, đậu phụ chiên giòn, và đặc biệt là mắm tôm, gia vị làm nên nét riêng biệt của món ăn. 

Đậu phụ được chiên vàng, giòn bên ngoài nhưng vẫn giữ được độ mềm bên trong, hòa quyện hoàn hảo với bún mát, thịt chân giò và chả cốm. Nhưng điểm đặc biệt nhất của bún đậu mắm tôm chính là phần mắm tôm, được pha chế tinh tế để mang lại vị mặn, ngọt, cay hài hòa. Đây chính là linh hồn của món ăn, tạo nên sự bùi béo, đậm đà rất riêng.

Khi thưởng thức, thực khách sẽ cảm nhận được sự kết hợp tuyệt vời giữa các nguyên liệu, từ bún, đậu đến mắm tôm. Bún đậu mắm tôm không chỉ là món ăn gia đình mà còn là lựa chọn phổ biến ở các quán vỉa hè, luôn có mặt trong nền ẩm thực đặc trưng của miền Bắc.",bdmt1.jpg,bdmt2.jpg,bdmt3.jpg,bdmt4.jpg,bdmt5.jpg,nấu bc.mp4,Cách Làm Bún Đậu Mắm Tôm Ngon Như Ngoài Hàng _ HÀ COOKING.mp4,"- Chất béo: 22g
- Đường: 75g
- Đạm: 20g
- Chất xơ: 5g
",Món khô,,,,
Bun rieu,"Phần nước dùng:
300g cua đồng xay (mua ngoài chợ, nhờ người ta lọc sẵn càng tiện)
1–2 quả cà chua bổ múi cau
2–3 miếng đậu hũ (chiên vàng)
1 quả trứng gà (cho vào riêu cho kết dính)
1 muỗng canh mắm tôm (tuỳ khẩu vị)
1 muỗng canh giấm bỗng hoặc me chua
Hành tím, hành lá, tỏi băm, dầu điều (hoặc màu gạch tôm)
Gia vị: muối, hạt nêm, đường, nước mắm

Phần ăn kèm:
Bún tươi
Rau sống: xà lách, rau muống bào, bắp chuối, húng lủi...
Chanh, ớt, mắm tôm

","Bước 1: Lọc cua & lấy nước
Cho cua xay vào 1.5 lít nước, khuấy đều rồi lọc qua rây.
Lấy phần nước cua, bỏ xác.

Bước 2: Nấu riêu cua
Cho nồi nước cua lên bếp, nấu lửa nhỏ, không khuấy, để riêu nổi lên từ từ.
Khi riêu nổi, dùng muỗng vớt nhẹ sang tô riêng.

Bước 3: Làm phần riêu đóng bánh:
Trộn phần riêu đã vớt với 1 quả trứng gà, chút hành tím băm, muối, tiêu rồi hấp hoặc nấu lại cho riêu đóng bánh.

Bước 4: Xào cà chua & nêm nước dùng:
Phi thơm hành tỏi với dầu điều, cho cà chua vào xào mềm.
Trút cà chua vào nồi nước dùng, nêm mắm tôm, giấm bỗng, muối, nước mắm cho vừa ăn.
Cho riêu cua, đậu hũ chiên vào nồi, đun thêm vài phút là xong.

",482 kcal/ 1 tô,"Bún riêu là món ăn mang đậm bản sắc của ẩm thực miền Bắc, đặc biệt nổi bật trong các bữa ăn sáng hoặc những dịp tụ tập gia đình. Món bún này đặc trưng với nước dùng thanh ngọt từ cua đồng, kết hợp cùng riêu cua béo ngậy và các nguyên liệu tươi ngon khác như đậu phụ chiên vàng, thịt bò hoặc thịt lợn, và rau sống.

Điểm đặc biệt của bún riêu chính là nước lèo trong veo nhưng lại đậm đà, được nấu từ cua đồng xay nhuyễn, với một chút mắm tôm để tăng thêm hương vị. Cùng với đó, các miếng riêu cua béo ngậy, đậu phụ chiên giòn, và những lát cà chua chín mềm tạo nên sự hài hòa, cân bằng. Món bún này không thể thiếu một chút rau sống tươi mát, giúp món ăn thêm phần thanh thoát.

Bún riêu không chỉ là món ăn truyền thống của người Hà Nội mà còn là món ăn dễ dàng tìm thấy ở nhiều vùng miền. Mỗi bát bún riêu đều mang đến sự kết hợp hoàn hảo giữa vị ngọt của nước dùng, béo ngậy của riêu cua, và tươi mát của rau sống, tạo nên một hương vị khó quên.",br1.jpg,br2.jpg,br3.jpg,br4.jpg,br5.jpg,nấu bc.mp4,Bí Quyết nấu BÚN RIÊU không cần cua đồng vẫn Thơm Ngon Chuẩn Vị _ Amazing Crab Noodle Soup.mp4,"- Chất béo: 10g
- Đường: 45g
- Đạm: 20g
- Chất xơ: 3g
",Món nước,,,,
Bun thit nuong,"1. Phần thịt nướng:
500g thịt heo (nạc vai hoặc ba chỉ cắt mỏng)
1 củ hành tím băm nhỏ
3 tép tỏi băm
2 muỗng canh sả băm
2 muỗng canh đường
2 muỗng canh nước mắm
1 muỗng canh mật ong (hoặc dầu hào)
1 muỗng canh dầu ăn
1 chút tiêu, ngũ vị hương (tuỳ chọn)

2. Phần rau sống:
Xà lách, dưa leo, giá, rau thơm, húng quế, tía tô… cắt nhỏ
Cà rốt + đu đủ bào sợi (ngâm giấm đường nếu thích)

3. Bún tươi: khoảng 400g

4. Nước mắm chua ngọt:
4 muỗng canh nước mắm
4 muỗng canh đường
1/2 chén nước ấm
2 muỗng canh nước cốt chanh
Tỏi + ớt băm (tùy khẩu vị)

","Bước 1: Ướp và nướng thịt
Trộn thịt với các gia vị đã chuẩn bị, ướp ít nhất 30 phút (ngon nhất là 2–3 tiếng hoặc để qua đêm trong tủ lạnh).
Xiên thịt vào que hoặc nướng trên vỉ than, nồi chiên không dầu, hoặc chảo gang. Nướng đến khi thịt cháy cạnh, dậy mùi thơm.

Bước 2: Pha nước mắm
Cho nước, đường, nước mắm, nước cốt chanh vào chén, khuấy đều.
Thêm tỏi và ớt băm vào sau cùng để nổi đẹp mặt.

Bước 3: Chuẩn bị topping
Rửa sạch và để ráo rau sống.
Luộc giá nếu không thích ăn sống.
Trụng bún nếu cần, sau đó để ráo nước.",451 kcal/ 1 tô,"Bún thịt nướng là món ăn đậm đà bản sắc ẩm thực Việt, mang đến một trải nghiệm vị giác đầy thú vị. Món ăn này là sự kết hợp tinh tế giữa bún tươi mát, thịt heo nướng thơm lừng và những nguyên liệu tươi ngon khác như rau sống, đồ chua, và lạc rang, tất cả hòa quyện trong nước mắm chua ngọt đầy hấp dẫn.

Lớp thịt nướng vàng ươm, giòn tan bên ngoài nhưng vẫn mềm ngọt bên trong, được ướp gia vị vừa vặn, tạo nên một hương vị đặc trưng khó quên. Khi bày ra, bún được xếp dưới, tiếp theo là thịt nướng, rau sống tươi mát và những miếng đồ chua giòn giòn, tạo nên sự cân bằng hoàn hảo về hương vị và kết cấu. Chút lạc rang thêm vào làm tăng độ giòn giòn, trong khi nước mắm chua ngọt tạo nên một lớp hương vị đậm đà, lôi cuốn.

Bún thịt nướng không chỉ là món ăn phổ biến trong các bữa sáng hay buổi họp mặt bạn bè mà còn là một món ăn dễ dàng tìm thấy ở mọi góc phố Việt Nam. Mỗi miếng thịt nướng, mỗi muỗng bún đều mang đến cảm giác vừa đầy đặn mà vẫn nhẹ nhàng, là sự kết hợp hoàn hảo của hương vị và cảm xúc ẩm thực Việt.",btn-1.jpg,btn-2.jpg,btn-3.jpg,btn-4.jpg,btn-5.jpg,nấu bc.mp4,"BÚN THỊT NƯỚNG ngon đúng bài, Công Thức Ướp Thịt Siêu Hay cho mọi nhà _ Grilled pork noodle recipes.mp4","- Chất béo: 15g
- Đường: 45g
- Đạm: 18g
- Chất xơ: 3g
",Món khô,,,, 
Ca kho to,"1kg cá basa tươi (hoặc cá basa đã khúc sẵn)
250g thịt ba rọi
1 quả dừa
Bột mì hoặc bột năng
Rượu gừng, giấm, chanh
Tỏi, ớt, hành tím băm, hành lá, thì là
Gia vị: Nước mắm, muối, đường, tiêu, dầu ăn, xì dầu
Dụng cụ: Niêu đất hoặc nồi đế dày","Bước 1: Sơ chế cá basa
Bạn làm sạch cá bằng cách chặt bỏ vây, mổ bỏ nội tạng, tách bỏ mang, cạo sạch màng đen bên trong bụng cá.
Tiếp theo là dùng rượu gừng, muối hoặc giấm, chanh chà xát lên thân cá, cả bên trong và bên ngoài để khử mùi tanh triệt để. Cuối cùng là rửa lại thật sạch với nước.
Bạn lấy dao chặt cá thành khúc khoảng 5cm rồi ướp cá theo tỷ lệ 1 thìa cà phê xì dầu, 1 thìa cà phê muối, ½ thìa cà phê tiêu, 1 - 3 thìa cà phê đường, 3 thìa canh nước mắm, 1 thìa canh dầu ăn và ớt băm.

Bước 2: Sơ chế các nguyên liệu khác
Rửa sạch thịt ba rọi, cạo bì và thái miếng vuông. Bạn rửa hành, thì là và thái nhỏ. Lấy một tô khuấy tan đều hỗn hợp 1 muỗng canh xì dầu, 1 muỗng canh nước mắm và đổ cả nước dừa.

Bước 3: Chế biến món cá kho tộ
Bạn bắc chảo lên bếp, cho dầu ăn tới khi nóng thì cho hành, tỏi, ớt băm vào phi thật thơm rồi thêm thịt ba chỉ vào đảo đến khi gần chín thì tắt bếp. Kết hợp độ béo ngậy của thịt ba chỉ kho cùng cá sẽ tăng sự hấp dẫn của món ăn hơn.
Xếp các khúc cá vào niêu đất hoặc nồi sau đó để lớp thịt chỉ phía trên. Bạn nhớ đổ cả phần nước ướp vào niêu. Sau đó bạn đổ hỗn hợp xì dầu, nước mắm và nước dừa trên rồi đậy nắp vung lại để nấu. Đặt niêu lên bếp nấu với lửa vừa. Khi niêu sôi thì hạ lửa liu riu và kho trong 1 tiếng. ",184 kcal/ 1 lát cá,"Cá kho tộ là một trong những món ăn đặc trưng của ẩm thực miền Nam, với hương vị đậm đà, mặn mà nhưng không kém phần ngọt ngào. Món ăn này nổi bật nhờ cách chế biến đơn giản nhưng tinh tế, làm nổi bật hương vị tự nhiên của cá, kết hợp với gia vị đặc trưng tạo nên một món ăn dễ ăn, dễ nhớ.

Cá thường được chọn là cá lóc, cá rô, hoặc cá diêu hồng, được ướp với gia vị như hành, tỏi, tiêu, nước mắm, đường, và đặc biệt là nước dừa tươi, giúp cá kho được mềm và thấm đều gia vị. Cá được kho trong nồi đất (tộ), chính vì vậy, món ăn có cái tên ""cá kho tộ"". Lớp nước kho đậm đà, màu nâu sóng sánh, ngấm vào từng thớ thịt cá, tạo nên sự hòa quyện tuyệt vời giữa vị mặn, ngọt và cay.

Mỗi miếng cá kho tộ, khi ăn, sẽ thấm đẫm gia vị, mang đến cảm giác vừa béo ngậy, vừa đậm đà. Món ăn này thường được ăn cùng cơm trắng, với rau sống hoặc dưa chua, giúp cân bằng hương vị. Cá kho tộ không chỉ là một món ăn truyền thống trong các bữa cơm gia đình, mà còn là sự thể hiện sự chân chất, đậm đà của ẩm thực miền Nam.",ckt1.jpg,ckt2.jpg,ckt3.jpg,ckt4.jpg,ckt5.jpg,nấu bc.mp4,Bí quyết CÁ KHO TỘ bất bại kho cá gì cũng ngon _ Caramelized Fish Recipe.mp4,"- Chất béo: 10g
- Đường: 5g
- Đạm: 20g
- Chất xơ: 1g
",Món khô,,,,
Cao lau ,"Phần sợi Cao Lầu:
Mua sẵn sợi Cao Lầu khô (ở chợ, siêu thị đặc sản miền Trung, hoặc thay bằng mì Quảng/mì udon nếu không có)
Phần thịt xá xíu (nạc vai hoặc ba chỉ):
400g thịt heo
1 muỗng canh ngũ vị hương
2 muỗng nước tương
1 muỗng dầu hào
1 muỗng đường
1 ít muối, tiêu, tỏi băm

Phần nước sốt chan:
Nước hầm xương hoặc nước luộc thịt
Nước tương, đường, tiêu, nước mắm

Topping:
Tóp mỡ giòn (da heo chiên)
Rau sống Hội An (hoặc xà lách, rau thơm, rau húng, giá…)
Hành phi, chanh, ớt

","Bước 1: Ướp và làm thịt xá xíu
Thịt heo cắt miếng to, ướp tất cả gia vị ít nhất 1 tiếng 
Cho vào chảo áp chảo hoặc nướng cho cháy cạnh, rồi cắt lát mỏng.

Bước 2: Làm nước sốt cha
Dùng chính nước ướp thịt còn lại, thêm ít nước hầm, nêm nước tương, đường, tiêu, nước mắm cho đậm đà.
Nấu sệt lại làm nước chan

Bước 3: Chuẩn bị sợi mì
Luộc sợi Cao Lầu khô theo hướng dẫn trên bao bì (thường luộc 2–3 phút, rồi xả nước lạnh cho dai).
Trộn sợi mì với ít dầu ăn + nước sốt cho thấm và không dính.

Bước 4: Làm tóp mỡ
Da heo cắt nhỏ, chiên giòn lên làm tóp mỡ ăn kèm",350 kcal/ 1 tô,"Cao lầu là món ăn đặc sản nổi tiếng của thành phố Hội An, mang đậm dấu ấn lịch sử và văn hóa của vùng đất này. Món ăn không chỉ nổi bật với hương vị độc đáo mà còn với cách chế biến cầu kỳ, thể hiện sự kết hợp tinh tế giữa các nguyên liệu tươi ngon và gia vị đặc trưng.

Cao lầu được làm từ sợi mì đặc biệt, có màu vàng óng và độ dẻo dai vừa phải, khác biệt hoàn toàn so với các loại mì khác ở Việt Nam. Sợi mì này được làm từ gạo xay, ngâm nước tro và nước cốt của loại cây đặc sản chỉ có ở Hội An, tạo nên hương vị và màu sắc riêng biệt. Món ăn được ăn kèm với thịt heo xá xíu thái mỏng, những lát bánh tráng chiên giòn và rau sống tươi mát. Đặc biệt, nước dùng của cao lầu không quá nhiều, nhưng lại có hương vị đậm đà, hòa quyện giữa vị ngọt từ nước hầm xương và các gia vị thơm lừng.

Khi thưởng thức, cao lầu mang đến một cảm giác đầy đủ và hài hòa với sự kết hợp của vị ngọt, mặn, béo ngậy và chút giòn giòn từ bánh tráng. Món ăn này không chỉ là sự lựa chọn tuyệt vời cho một bữa trưa hay tối, mà còn là một phần không thể thiếu trong nền ẩm thực miền Trung, đặc biệt là khi du khách đến với Hội An. Cao lầu không chỉ là món ăn, mà còn là một phần của bản sắc văn hóa Hội An, gắn liền với những câu chuyện lịch sử và truyền thống lâu đời.",cl1.jpg,cl2.jpg,cl3.jpg,cl4.jpg,cl5.jpg,nấu bc.mp4,Cách làm Mì Cao Lầu Hội An thơm ngon đơn giản (Hoi An Noodle).mp4,"- Chất béo: 10g
- Đường: 55g
- Đạm: 15g
- Chất xơ: 3g
",Món nước,,,,
Chao long,"Phần cháo:
1/2 chén gạo tẻ, 2 muỗng gạo nếp (cho cháo dẻo mịn)
Nước ninh xương hoặc nước luộc lòng

Phần lòng heo:
500g lòng non
1 bộ ruột già (khuyến khích)
1 bộ gan, tim, cật
1 đoạn dồi trường (nếu thích)
Huyết heo (nếu có)
1 củ gừng, vài tép tỏi, 1 củ hành tím

Gia vị:
Muối, nước mắm, tiêu, bột ngọt, mắm tôm (tuỳ)
Rau răm, hành lá, hành phi, ớt tươi
Mắm gừng để chấm","Bước 1: Sơ chế lòng
Rửa lòng với muối + chanh + giấm cho hết mùi hôi.
Có thể trụng sơ với nước sôi có gừng và hành đập dập, rồi rửa lại lần nữa.
Luộc lòng với nước có gừng đập dập và ít muối cho thơm.
Khi lòng chín (khoảng 15–20 phút tùy bộ phận), vớt ra ngâm nước lạnh cho giòn, rồi cắt lát vừa ăn.

Bước 2: Nấu cháo
Rang gạo cho hơi vàng thơm, rồi cho nước luộc lòng vào nấu.
Ninh cháo khoảng 30–45 phút cho nhừ (có thể dùng nồi áp suất).
Nêm nếm: nước mắm, muối, tiêu, chút bột ngọt (đừng nêm quá mặn vì còn ăn kèm lòng + mắm gừng).

Bước 3: Pha nước mắm gừng
Gừng băm, tỏi băm, ớt, chút đường, nước mắm, vắt miếng chanh là ra chén mắm chấm",421 kcal/ 1 tô,"Cháo lòng là một món ăn dân dã quen thuộc, gắn bó với đời sống ẩm thực của người Việt từ bao đời nay, đặc biệt phổ biến ở các tỉnh miền Nam và miền Trung. Dù không quá cầu kỳ trong cách chế biến, nhưng cháo lòng lại mang đến hương vị đậm đà, hấp dẫn mà ai đã ăn một lần cũng dễ lưu luyến.

Món cháo này được nấu từ gạo trắng, ninh nhừ cùng nước luộc lòng để cháo có vị ngọt tự nhiên và độ sánh mịn đặc trưng. Phần “lòng” – linh hồn của món ăn – bao gồm nhiều loại nội tạng heo như tim, gan, dạ dày, ruột non, phèo,… được sơ chế kỹ, luộc chín và thái miếng vừa ăn. Tất cả được dọn kèm trong tô cháo nóng hổi, rắc thêm hành lá, tiêu xay và một ít hành phi thơm lừng.

Cháo lòng không chỉ là món ăn sáng tiện lợi, dễ ăn, mà còn là lựa chọn lý tưởng cho những ngày se lạnh hay những lúc cần một bữa ăn nhẹ nhàng, dễ tiêu. Mỗi bát cháo lòng là một sự hài hòa giữa vị thanh của cháo, vị đậm đà của nội tạng, vị cay nồng của tiêu ớt và hương thơm thoang thoảng từ các loại rau. Một món ăn tuy bình dân nhưng lại mang đến cảm giác ấm áp, thân thuộc – như chính sự gần gũi trong văn hóa ẩm thực Việt Nam.",ch1.jpg,ch2.png,ch3.jpg,ch4.jpeg,ch5.png,nấu bc.mp4,"CHÁO LÒNG Thơm Thì Sẽ Ngon, cách nấu cháo lòng tại nhà Ngon như ngoài quán.mp4","- Chất béo: 12g
- Đường: 30g
- Đạm: 10g
- Chất xơ: 1g
",Món nước,,,,
Com tam,"800 gr thịt cốt lết hoặc nạc dăm
200 gr thịt vai xay
200 gr bì heo
150 thịt nách hoặc nạc vai
100 gr mỡ phần hoặc mỡ gáy
2 tai mộc nhĩ (nấm mèo)
1 nắm miến khô
1 củ cải
1 củ cà rốt
1 nắm hành lá
Gia vị tạo mùi: Sả, hành tím, tỏi, ớt
Gia vị nêm nếm: Gia vị: Mắm, muối, đường, hạt nêm, hạt tiêu, nước màu đường, sa tế, mật ong, dầu hào, sữa đặc (tùy chọn)
Dầu màu điều
6 - 7 quả trứng gà
Gạo","Bước 1: Làm thịt sườn cốt lết nướng
Thịt rửa sạch, thấm khô, cắt miếng vừa ăn rồi dùng búa giã thịt hoặc sống dao dần hai mặt thịt giúp mềm và nhanh thấm vị khi ướp.
Ướp thịt theo thứ tự gia vị tạo ngọt (đường, mật ong, sữa đặc) trước 3 - 5 phút, tiếp đến gia vị tạo mùi (sả, tỏi, hành giã vắt lấy nước cốt) 3 - 5 phút, rồi mới tới gia vị mặn (muối, mắm, dầu hào) vài phút và cuối cùng là dầu màu điều hoặc dầu ăn để phủ đều.

Bước 2: Làm chả trứng
Mộc nhĩ, miến ngâm nở rửa sạch, thái nhỏ. Trứng gà lấy 5 quả, tách để riêng 3 lòng đỏ phết bề mặt, còn lại để làm chả trứng.
Cho thịt  xay vào âu lớn, thêm mộc nhĩ, miến, hành khô, đầu hành lá cùng trứng vào, nêm chút mắm, muối, hạt nêm, dầu ăn rồi trộn đều cho thấm vị. Quết dầu ăn vào khuôn hoặc bát tô to, đổ hỗn hợp chả trứng vào bọc giấy bạc rồi đem hấp cách thủy 20 - 25 phút.
Khi thử tăm chọc vào thấy chả khô ráo và dậy mùi thơm là đã chín. Quét dàn đều lòng đỏ đã đánh tan cùng chút dầu màu điều lên bề mặt, đem hấp tiếp 8 - 10 phút mở vung để không bị tán màu và chả chín.

Bước 3: Làm bì
Phần bì lợn cạo sạch lông, chà xát chanh và muối hạt khử mùi rồi luộc chín, vớt ra ngâm vào âu nước đá. Khi bì lợn nguội, vớt ra để ráo, lọc bỏ phần mỡ còn dư rồi nghiêng dao khứa và cắt thành sợi nhỏ. Trộn bì cùng với thính gạo và nêm nếm gia vị cho vừa ăn.




",600 kcal/1 phần,"Cơm tấm – món ăn quen thuộc của người Sài Gòn, là biểu tượng ẩm thực đường phố không thể thiếu khi nhắc đến văn hóa ẩm thực miền Nam. Dù có xuất phát điểm giản dị, cơm tấm ngày nay đã vượt khỏi phạm vi món ăn dân dã để trở thành một trong những “đại sứ” đặc trưng của ẩm thực Việt.

Điểm đặc biệt của món ăn này nằm ở phần “tấm” – tức là những hạt gạo vỡ nhỏ, vốn là sản phẩm phụ trong quá trình xay xát. Gạo tấm khi nấu chín sẽ không dẻo như gạo thường, nhưng lại mang đến vị bùi và hương thơm đặc trưng khó lẫn. Trên nền cơm ấy là sự kết hợp đầy màu sắc và hương vị từ sườn nướng than thơm lừng, trứng ốp la, bì trộn thính, chả trứng hấp.

Mỗi đĩa cơm tấm không thể thiếu chén nước mắm pha chua ngọt đậm đà, điểm xuyết thêm đồ chua như dưa leo, cà rốt hoặc dưa cải. Tất cả hoà quyện với nhau tạo nên một tổng thể hài hoà, từ vị mặn, ngọt đến béo, cay – khiến thực khách dù chỉ thử một lần cũng khó lòng quên được.

",ct1.jpg,ct2.png,ct3.jpg,ct4.jpg,ct5.jpg,nấu bc.mp4,Bí Quyết ướp Sườn Nướng Cơm Tấm mềm thơm ngon hảo hạng _ Grilled Pork Chop Recipe.mp4,"- Chất béo: 20g
- Đường: 85g
- Đạm: 25g
- Chất xơ: 4g
",Món khô,,,,
Goi cuon,"1. Nhân cuốn:
200g tôm sú (hoặc tôm thẻ)
200g thịt ba chỉ (hoặc nạc vai)
200g bún tươi (bún nhỏ)
Rau sống: xà lách, rau thơm, húng quế, tía tô, hẹ (nếu có)
Dưa leo, cà rốt bào sợi (tùy chọn)
Bánh tráng cuốn loại mỏng (nên chọn loại dễ mềm, không quá dày)

2. Phần nước chấm:
Nước mắm chua ngọt:
3 muỗng nước mắm
2 muỗng đường
2 muỗng nước lọc
1 muỗng nước cốt chanh
Tỏi + ớt băm","Bước 1: Sơ chế nguyên liệu
Luộc tôm với chút muối, bóc vỏ, chẻ lưng lấy chỉ, cắt đôi theo chiều dọc.
Luộc thịt với chút muối và hành, để nguội, thái lát mỏng.
Trụng bún qua nước sôi rồi để ráo.
Rửa sạch rau, để khô ráo.
Dưa leo thái sợi nếu dùng.

Bước 2: Cuốn gỏi
Nhúng bánh tráng qua nước cho mềm (không nhúng quá ướt).
Trải rau xà lách lên trước, sau đó là bún, rau thơm, thịt, cuối cùng là tôm (úp mặt hồng xuống cho đẹp).
Cuốn gọn tay, nếu có hẹ thì cho hẹ vào cuối cuốn để thò ra một bên sẽ đẹp mắt.

Bước 3: Pha nước chấm
Mắm chua ngọt: trộn đều tất cả nguyên liệu, cho tỏi ớt vào cuối để nổi lên.",160 kcal/ 1 cuốn,"Gỏi cuốn – một trong những món ăn nhẹ đặc trưng của ẩm thực Việt, là sự kết hợp tinh tế giữa nguyên liệu tươi mát và cách cuốn khéo léo, mang đến trải nghiệm thanh đạm nhưng đầy đủ hương vị. Không cần dầu mỡ hay gia vị cầu kỳ, món ăn này vẫn dễ dàng chinh phục thực khách nhờ sự hài hòa trong từng cuốn nhỏ.

Lớp bánh tráng mỏng trong suốt ôm trọn phần nhân bên trong gồm tôm luộc, thịt ba chỉ, bún, rau sống và đôi khi có thêm chả hoặc trứng chiên thái sợi. Mỗi cuốn gỏi là một sự gọn gàng tinh tế, vừa đẹp mắt vừa dễ ăn. Khi chấm cùng mắm nêm đậm đà hoặc nước tương pha đậu phộng béo bùi, món ăn này trở nên trọn vị, vừa có độ tươi mát, vừa thoang thoảng vị mặn ngọt cay nồng khó cưỡng.

Dù là món ăn chơi, ăn vặt hay đãi khách trong những dịp đặc biệt, gỏi cuốn luôn giữ được nét duyên riêng – nhẹ nhàng, giản dị mà vẫn đậm chất Việt. Không chỉ nổi tiếng ở trong nước, món ăn này còn thường xuyên xuất hiện trong các thực đơn ẩm thực quốc tế như một đại diện thanh lịch của văn hóa ẩm thực Việt Nam.",gc1.jpg,gc2.jpg,gc3.jpg,gc4.jpg,gc5.jpg,nấu bc.mp4,Cách làm Gỏi Cuốn tôm thịt không bị dính cùng với nước chấm đặc biệt.mp4,"- Chất béo: 2g
- Đường: 15g
- Đạm: 8g
- Chất xơ: 1g
",Món khô,,,,
Hu tieu,"Phần nước dùng:
500g xương heo (hoặc xương gà, xương bò đều được)
1 củ hành tím
2 củ gừng
1 cây thảo quả (hoặc ít quế, hồi)
Nước mắm, muối, đường, hạt nêm

Phần nhân hủ tiếu:
200g thịt heo (nạc vai hoặc ba chỉ, cắt lát mỏng)
200g tôm sú (lột vỏ, bỏ đầu)
100g lòng heo (hoặc gan, cật tùy thích)
2 quả trứng cút
Hủ tiếu khô (mì hủ tiếu)

Ăn kèm:
Rau sống: xà lách, giá, ngò gai, hành lá
Bánh phở (có thể thay bằng bánh phở khô)
Hành phi, tiêu, chanh, ớt","Bước 1: Nấu nước dùng
Xương heo rửa sạch, trụng qua nước sôi để khử mùi hôi.
Đun xương với nước lạnh, thêm gừng đập dập, hành tím nướng sơ, thảo quả hoặc quế, hồi vào.
Ninh xương trong khoảng 1,5–2 tiếng cho nước dùng ngọt. Nếu có nồi áp suất thì nhanh hơn.
Nêm gia vị vào nước dùng: nước mắm, muối, đường, hạt nêm sao cho nước ngọt thanh, không mặn quá.

Bước 2: Sơ chế nhân
Thịt heo cắt lát mỏng, tôm bóc vỏ, lòng heo luộc sạch.
Trứng cút luộc chín, cắt đôi.
Rau sống rửa sạch, để ráo.

Bước 3: Làm hủ tiếu
Trụng hủ tiếu trong nước sôi khoảng 2 phút, sau đó vớt ra xả nước lạnh cho dai. Để ráo.
Nếu dùng hủ tiếu khô, cho vào tô lớn.",400 kcal/ 1 tô,"Hủ tiếu là một món ăn quen thuộc và không thể thiếu trong văn hóa ẩm thực miền Nam, đặc biệt là Sài Gòn. Món ăn này mang trong mình sự giao thoa ẩm thực giữa người Việt, người Hoa và người Khmer, tạo nên một hương vị đặc trưng, đậm đà và gần gũi.

Một tô hủ tiếu đúng điệu gồm có sợi hủ tiếu trắng ngần, mềm dai vừa phải, được chan ngập trong nước dùng trong vắt, thanh ngọt được ninh từ xương heo hoặc xương gà. Mỗi nơi lại có biến tấu khác nhau: có thể là hủ tiếu Nam Vang với đầy đủ tôm, thịt bằm, trứng cút và gan heo; hay hủ tiếu sa tế, hủ tiếu bò kho, mỗi loại đều mang một sắc thái riêng biệt, phong phú.

Điểm cộng lớn của hủ tiếu là sự linh hoạt – có thể dùng khô hoặc nước, ăn sáng hay ăn tối đều hợp. Khi ăn, thường kèm theo rau sống, giá, hẹ và chút tóp mỡ giòn, rắc thêm ít hành phi thơm lừng, tạo nên sự hài hòa từ hương đến vị. Đơn giản nhưng tinh tế, hủ tiếu không chỉ làm ấm lòng người ăn mà còn là một phần ký ức ẩm thực gắn bó với bao thế hệ người Việt.",ht1.jpg,ht2.jpg,ht3.jpg,ht4.jpg,ht5.jpg,nấu bc.mp4,Hủ Tiếu Nam Vang - Nam Vang Noodle Soup - Hủ tiếu khô và nước thơm ngon đậm đà _ Bếp Nhà Diễm _.mp4,"- Chất béo: 10g
- Đường: 45g
- Đạm: 22g
- Chất xơ: 2g
",Món nước,,,,
Mi quang,"Phần nhân:
500g thịt gà ta (hoặc thịt heo/quay/tôm… tuỳ thích)
200g tôm sú (nếu làm mì gà tôm)
1 quả trứng vịt hoặc trứng cút (tuỳ thích)
Hành tím, tỏi, nghệ tươi hoặc bột nghệ

Phần nước dùng:
Nước hầm xương hoặc nước dừa tươi (cho ngọt thanh)
Gia vị: nước mắm, hạt nêm, bột ngọt, đường, tiêu, dầu điều (cho màu đẹp)

Phần mì và ăn kèm:
Sợi mì Quảng (vàng hoặc trắng, mua ở chợ/siêu thị)
Rau sống: xà lách, bắp chuối, húng, rau quế, giá…
Bánh tráng nướng (bẻ nhỏ)
Lạc rang (đậu phộng), ớt, chanh, hành phi

","Bước 1: Sơ chế nguyên liệu
Thịt gà chặt miếng vừa ăn, tôm lột vỏ, trứng luộc sẵn.
Ướp thịt gà + tôm với hành tỏi băm, nước mắm, hạt nêm, bột nghệ (hoặc nghệ giã), ít tiêu. Ướp tầm 30 phút cho thấm.

Bước 2: Xào nhân
Phi thơm hành tỏi với dầu điều.
Cho thịt gà vào xào săn, sau đó cho tôm vào xào chung.
Đổ nước hầm/xương vào xâm xấp mặt thịt (không cho quá nhiều, mì Quảng là ăn khô khô nha).
Nêm lại cho vừa khẩu vị: mặn ngọt đậm đà một chút.

Bước 3: Luộc mì và rau
Trụng mì với nước sôi, xả lại nước lạnh cho dai rồi để ráo.
Rau sống rửa sạch, để ráo.",541 kcal/ 1 tô,"Mì Quảng – không chỉ là một món ăn, mà còn là cả một câu chuyện văn hóa của vùng đất Quảng Nam đầy nắng gió. Món ăn này mang trong mình sự mộc mạc, bình dị như chính con người xứ Quảng, nhưng lại vô cùng đậm đà và lôi cuốn nhờ sự kết hợp tinh tế giữa nguyên liệu và gia vị đặc trưng.

Điểm nổi bật của mì Quảng nằm ở sợi mì dày, bản to, có màu vàng óng hoặc trắng ngà, được làm từ bột gạo và tráng thủ công. Không giống như phở hay bún với nước dùng ngập tô, mì Quảng chỉ chan xâm xấp phần nước lèo – một loại nước hầm đậm vị từ xương, có thể nấu cùng tôm, thịt heo, thịt gà, hoặc thậm chí là cá lóc. Mỗi lựa chọn lại tạo nên một phiên bản mì Quảng mang nét riêng biệt.

Tô mì hoàn chỉnh không thể thiếu rau sống tươi xanh, đậu phộng rang giòn, bánh tráng nướng bẻ vụn và chút ớt xanh cay nồng. Khi trộn đều, tất cả nguyên liệu hòa quyện, tạo nên một tổng thể vừa béo, vừa bùi, vừa thơm nức mũi.

Đậm đà nhưng không cầu kỳ, mì Quảng là biểu tượng ẩm thực gói trọn cái tình, cái chất của người miền Trung – chân chất, giản dị nhưng sâu sắc và đầy bản sắc.",mq1.jpg,mq2.jpg,mq3.jpg,mq4.jpg,mq5.jpg,nấu bc.mp4,Mì Quảng - ĐẶC BIỆT - NGON Như Tiệm.mp4,"- Chất béo: 10g
- Đường: 50g
- Đạm: 20g
- Chất xơ: 3g
",Món nước,,,,
Nem chua,"Phần nhân:
500g thịt heo nạc (chọn phần thịt nạc dẻo, không quá mỡ)
100g bì heo (bì giòn, cắt nhỏ)
1 muỗng tỏi băm
1 muỗng tiêu xay
1 muỗng đường
2 muỗng nước mắm ngon (nước mắm Phú Quốc là số một)
1 muỗng mỡ heo (hoặc mỡ gà)
1 muỗng bột nem chua (nếu có, không có thì dùng nước cốt chanh và giấm pha thêm)
Lá chuối để gói nem

Ăn kèm:
Tỏi băm, ớt tươi, lá đinh lăng, rượu trắng để vệ sinh.
","Bước 1: Chuẩn bị thịt và bì heo
Thịt heo rửa sạch, để ráo nước rồi xay nhuyễn hoặc băm nhỏ. Nếu muốn làm nem chua thơm hơn thì xay thịt nhuyễn hơn một chút.
Bì heo rửa sạch, luộc qua nước sôi, sau đó cắt nhỏ và thái chỉ mỏng.
Tỏi băm nhỏ, tiêu xay nhuyễn.

Bước 2: Trộn nhân nem
Trong một tô lớn, cho thịt heo, bì heo, tỏi băm, đường, tiêu, nước mắm, bột nem chua (hoặc thay bằng nước cốt chanh, giấm) vào trộn đều.
Cho mỡ heo vào trộn cùng để tăng độ dẻo và béo ngậy.
Trộn tất cả các nguyên liệu với nhau cho đến khi dẻo, quyện đều.

Bước 2: Gói nem
Cắt lá chuối thành miếng vừa đủ để gói nem, rửa sạch và hơ qua lửa cho mềm.
Cho nhân nem vào lá chuối, dùng tay nén chặt để nem có độ kết dính tốt.
Gói lá chuối lại, ép chặt cho nem có hình dáng đẹp.

Bước 4: Lên men
Để nem vào một khay hoặc tô, dùng tấm bìa hoặc vật nặng ép lên trên cho nem được nén chặt.

Để nem ở nơi thoáng mát, tránh ánh sáng mặt trời, trong vòng 2–3 ngày là nem sẽ lên men và có thể ăn được.
",137 kcal/ 1 cái,"Nem chua là một trong những món ăn đặc sản nổi bật của ẩm thực Việt Nam, đặc biệt phổ biến ở các tỉnh miền Trung và miền Bắc. Món này không chỉ chinh phục người ăn bởi hương vị chua nhẹ, cay cay và chút dai giòn đặc trưng, mà còn bởi cách chế biến thủ công mang đậm dấu ấn văn hóa truyền thống.

Nguyên liệu chính để làm nem chua là thịt heo xay nhuyễn, trộn đều với bì heo thái sợi, tỏi băm, ớt, tiêu và các loại gia vị lên men. Hỗn hợp này được gói chặt trong lá chuối hoặc lá ổi, để lên men tự nhiên trong vài ngày. Quá trình lên men chính là yếu tố quyết định tạo nên hương vị chua thanh đặc trưng của món ăn.

Khi thưởng thức, nem chua mang đến sự kết hợp thú vị giữa vị chua nhẹ của thịt, độ giòn của bì, vị cay nồng của tỏi ớt, và mùi thơm từ lá gói. Món này thường được dùng như món nhậu, món ăn vặt hoặc khai vị, và thường ăn kèm với tỏi sống hoặc chấm tương ớt để tăng thêm hương vị.

Tuy nhỏ gọn, nhưng mỗi chiếc nem lại chứa đựng một phần tinh hoa ẩm thực Việt – đơn giản nhưng tinh tế, dân dã mà quyến rũ khó quên.",nc1.png,nc2.jpg,nc3.jpg,nc4.jpg,nc5.png,nấu bc.mp4,"CÁCH LÀM NEM CHUA THỊT HEO TẠI NHÀ RẤT ĐƠN GIẢN, NEM VỪA NGON VỪA KHÉO..mp4","- Chất béo: 5g
- Đường: 2g
- Đạm: 10g
- Chất xơ: 0.5g
",Món khô,,,,
Pho,"Phần nước dùng:
1,5kg xương bò (hoặc xương gà nếu làm phở gà)
2 củ hành tím (nướng)
1 củ gừng (nướng)
1 miếng quế (1–2 miếng)
3-4 nhánh hồi (nếu thích mùi thơm của hồi)
3-4 thảo quả
1 muỗng muối, 2 muỗng đường, nước mắm
1 muỗng bột ngọt (tuỳ khẩu vị)

Phần nhân phở:
300g thịt bò (bò tái hoặc bò chín, thái mỏng)
1 gói bánh phở (loại tươi hoặc khô tùy thích)
Hành lá, ngò gai, rau húng quế (ăn kèm)
Giá sống, chanh, ớt tươi (tuỳ thích)
Tỏi băm, hành phi (tùy khẩu vị)

","Bước 1: Ninh nước dùng
Rửa sạch xương bò (hoặc xương gà), cho vào nồi nước lạnh, đun sôi rồi trụng qua nước sôi để khử tạp chất, rửa lại một lần nữa.
Đặt xương vào nồi nước mới, cho hành nướng, gừng nướng và các gia vị như quế, hồi, thảo quả vào.
Ninh xương khoảng 2–3 tiếng với lửa nhỏ, trong quá trình ninh nhớ vớt bọt để nước trong và sạch.
Nêm muối, đường, nước mắm, bột ngọt cho vừa ăn. Nước dùng cần có vị ngọt tự nhiên của xương và gia vị thơm nhẹ từ quế, hồi.

Bước 2: Chuẩn bị nhân phở
Thịt bò thái lát mỏng (có thể chần qua nước sôi để thịt tái hoặc ăn sống nếu muốn).
Bánh phở trụng qua nước sôi, để ráo.
Hành lá, ngò gai, rau húng quế rửa sạch, thái nhỏ.
Giá sống, ớt, chanh, tỏi băm chuẩn bị sẵn để ăn kèm.",431 kcal/ 1 tô,"Phở – không chỉ là một món ăn, mà còn là biểu tượng ẩm thực của Việt Nam trên bản đồ thế giới. Mỗi tô phở là một bản giao hưởng của hương vị, của thời gian và văn hóa, chinh phục thực khách từ lần đầu tiên nếm thử.

Món ăn này thường được chế biến từ nước dùng hầm kỹ từ xương bò hoặc xương heo, thêm quế, hồi, gừng nướng và hành nướng – những thành phần đặc trưng tạo nên vị ngọt thanh, thơm dịu và sâu sắc. Sợi phở mỏng, mềm nhưng không nát, thấm đẫm nước dùng, tạo cảm giác nhẹ nhàng nhưng đầy đặn khi ăn. Thành phần có thể là thịt bò tái, nạm, gầu hoặc gân, và đôi khi là gà xé phay tùy theo loại phở.

Không thể thiếu trong một tô phở là rau thơm tươi, giá đỗ, chút hành lá thái nhỏ, kèm theo chanh, ớt tươi hoặc sa tế – tất cả hòa quyện, bừng lên một tổng thể vị giác tròn đầy, sâu lắng. 

Dù bạn đang ngồi trong một quán ven đường buổi sớm hay thưởng thức trong không gian nhà hàng sang trọng, phở vẫn luôn giữ nguyên hồn cốt mộc mạc mà đậm đà của ẩm thực Việt – món ăn không chỉ nuôi sống cơ thể, mà còn gợi lên cảm xúc, ký ức và niềm tự hào về quê hương.",p1.jpg,p2.jpg,p3.jpg,p4.jpg,p5.jpg,nấu bc.mp4,"Phở - Homemade Phở - Cách nấu phở tại nhà thật ngon, nước lèo trong vàng sóng sánh _ Bếp Nhà Diễm _.mp4","- Chất béo: 8g
- Đường: 45g
- Đạm: 25g
- Chất xơ: 2g
",Món nước,,,,
Xoi xeo,"Phần xôi:
300g gạo nếp (loại nếp cái hoa vàng, nếp mềm)
1/2 muỗng muối
1/2 muỗng dầu ăn

Phần đậu xanh:
150g đậu xanh (ngâm qua đêm cho mềm)
1 muỗng đường
1/2 muỗng muối

Phần mỡ hành:
2 muỗng hành lá (thái nhỏ)
2 muỗng dầu ăn (hoặc mỡ heo nếu thích)
1 muỗng mắm (nước mắm ngon)

Ăn kèm:
Lạp xưởng, chả, thịt gà (tuỳ sở thích)
Hành phi (tự làm hoặc mua sẵn)","Bước 1: Nấu xôi
Ngâm gạo nếp với nước khoảng 4–6 giờ hoặc qua đêm cho mềm.
Sau khi ngâm, rửa sạch gạo nếp, để ráo nước.
Hấp gạo nếp: Cho gạo vào xửng hấp, trải đều, thêm một ít muối và dầu ăn vào trộn đều.
Hấp khoảng 20-30 phút, sau đó xới lên để hơi nước thoát ra ngoài, rồi tiếp tục hấp thêm khoảng 20 phút nữa cho xôi chín đều.

Bước 2: Làm đậu xanh
Đậu xanh rửa sạch, ngâm khoảng 2 giờ cho mềm.
Sau khi ngâm xong, cho đậu vào hấp chín hoặc nấu với ít nước cho đậu mềm (khoảng 20–30 phút).
Khi đậu xanh chín, cho vào tô rồi tán nhuyễn.
Thêm đường, muối vào trộn đều để tạo vị ngọt, mặn vừa phải.

Bước 3:  Làm mỡ hành
Hành lá thái nhỏ.
Phi dầu trong chảo, khi dầu nóng thì cho hành lá vào và đảo nhanh, thêm một chút nước mắm vào để tạo mùi thơm.
Phi cho đến khi hành chín vàng giòn, không quá lâu để tránh bị cháy.",400 kcal/ 1 phần,"Dưới ánh nắng sớm mai, không khó để bắt gặp hình ảnh những gánh hàng rong bán xôi xéo – món ăn sáng thân thuộc đã trở thành một phần không thể thiếu trong nhịp sống của người Hà Nội. Vẻ ngoài giản dị là thế, nhưng xôi xéo lại chứa đựng cả một nghệ thuật ẩm thực đầy tinh tế và hoài niệm.

Điểm đặc trưng nhất của xôi xéo chính là lớp xôi nếp vàng óng, dẻo thơm, được nấu từ gạo nếp cái hoa vàng ngâm kỹ và đồ chín cầu kỳ. Trộn cùng với đậu xanh tán nhuyễn, xôi có vị bùi bùi, thơm béo nhẹ, ăn một lần là nhớ mãi. Nhưng điều khiến món ăn này trở nên đặc biệt chính là lớp hành phi giòn rụm, thơm nức, phủ đều trên mặt xôi, kèm theo một muỗng mỡ gà nóng hổi – thứ làm dậy hương cả gói xôi nhỏ xinh.

Xôi xéo thường được gói trong lá chuối, giữ ấm và tạo mùi thơm tự nhiên. Người ta có thể ăn kèm với chả quế, trứng kho, ruốc thịt hay thậm chí là một chút pate– tạo nên sự đa dạng và hấp dẫn trong khẩu vị. Mỗi gói xôi là một sự kết hợp hài hòa giữa cái dẻo thơm, cái giòn tan, béo ngậy và chút mặn mà, đủ để khiến người ta xao xuyến suốt cả ngày dài.

",xx1.jpg,xx2.jpg,xx3.jpg,xx4.jpg,xx5.jpg,nấu bc.mp4,Công Thức Nấu Xôi Xéo Ngon _ HÀ COOKING.mp4,"- Chất béo: 15g
- Đường: 65g
- Đạm: 10g
- Chất xơ: 3g
",Món khô,,,,